item_id,slot,type,colour,style,image_path,minimum_temperature,maximum_temperature,weather_tags,section,source_term,source_url,price,currency,image_id,source_scraped_at
288451521-800-1,inner_top,Pointelle Knit Cardigan,Black,Casual;Minimalist,data/zara_products/images/a91055cf-a476-4ad1-8b9d-e04f1a77fd87.jpg,-5,32,,WOMAN,cardigans,https://www.zara.com/us/en/pointelle-knit-cardigan-p04331133.html,22.99,USD,a91055cf-a476-4ad1-8b9d-e04f1a77fd87,2024-02-19T09:09:47.393659
311292293-409-2,inner_top,Velvet Kimono Shirt Limited Edition,Blue,Party;Formal,data/zara_products/images/b0b4de8d-096f-4a58-afc8-3773ace0e3a6.jpg,-5,32,,MAN,blazers,https://www.zara.com/us/en/velvet-kimono-shirt-limited-edition-p04078006.html,129.0,USD,b0b4de8d-096f-4a58-afc8-3773ace0e3a6,2024-02-19T08:58:36.719519
320071218-250-1,inner_top,Long Belted Gabardine Shirt,White,Casual;Formal,data/zara_products/images/9840cc02-2886-4fd6-b9df-b776e481f3fb.jpg,-10,15,cold,WOMAN,coats,https://www.zara.com/us/en/long-belted-gabardine-shirt-p01957006.html,49.9,USD,9840cc02-2886-4fd6-b9df-b776e481f3fb,2024-02-19T09:25:02.827504
311282208-802-2,inner_top,Short Sleeve Open-Knit Cardigan,Grey,Casual;Streetwear,data/zara_products/images/2743a1ed-851e-4cbc-873b-7d1ce6037ad6.jpg,-5,32,,MAN,cardigans,https://www.zara.com/us/en/short-sleeve-open-knit-cardigan-p00977400.html,39.9,USD,2743a1ed-851e-4cbc-873b-7d1ce6037ad6,2024-02-19T08:55:30.367435
318594114-807-2,inner_top,Jewel Front T-Shirt,Black,Party;Casual,data/zara_products/images/c5fa3034-f2ae-4553-b918-a463bb196cba.jpg,-5,32,,WOMAN,dresses,https://www.zara.com/us/en/jewel-front-t-shirt-p01165166.html,29.9,USD,c5fa3034-f2ae-4553-b918-a463bb196cba,2024-02-19T09:06:48.319825
278112489-712-2,inner_top,Cotton Hoodie Sweatshirt,Beige,Casual;Minimalist,data/zara_products/images/5d80ebe9-08f1-430b-97eb-81af71b4177d.jpg,-5,32,,MAN,hoodies,https://www.zara.com/us/en/cotton-hoodie-sweatshirt-p00761331.html,12.99,USD,5d80ebe9-08f1-430b-97eb-81af71b4177d,2024-02-19T08:55:42.201400
277089946-808-2,inner_top,Metallic Mesh Knit Bomber Cardigan,Beige,Casual;Minimalist,data/zara_products/images/dcd562cb-ab44-4623-b078-3ae5de5a2ebc.jpg,-5,32,,WOMAN,jackets,https://www.zara.com/us/en/metallic-mesh-knit-bomber-cardigan-p08146014.html,7.99,USD,dcd562cb-ab44-4623-b078-3ae5de5a2ebc,2024-02-19T09:04:36.256678
317019373-200-3,inner_top,Combination Knit Denim Cardigan,Blue,Casual;Streetwear,data/zara_products/images/c59a0fbc-ada7-4e39-802c-15ea41afc3f5.jpg,-5,32,,MAN,jackets,https://www.zara.com/us/en/combination-knit-denim-cardigan-p09598426.html,79.9,USD,c59a0fbc-ada7-4e39-802c-15ea41afc3f5,2024-02-19T08:50:53.551441
280469300-808-2,inner_top,Metallic Cable Knit Vest,Grey,Casual;Minimalist,data/zara_products/images/28fb5934-9989-4b48-98d5-bbddad2bcb77.jpg,-5,32,,WOMAN,knitwear,https://www.zara.com/us/en/metallic-cable-knit-vest-p03859108.html,7.99,USD,28fb5934-9989-4b48-98d5-bbddad2bcb77,2024-02-19T09:24:03.414364
275578235-427-2,inner_top,Denim Shirt,Blue,Casual;Streetwear,data/zara_products/images/cdbd0200-9965-4a29-acf8-a7ff6924363c.jpg,-5,32,,MAN,jeans,https://www.zara.com/us/en/denim-shirt-p06987350.html,12.99,USD,cdbd0200-9965-4a29-acf8-a7ff6924363c,2024-02-19T08:54:21.469926
278107867-250-1,outer_top,Linen Blend Cropped Blazer,White,Minimalist;Formal,data/zara_products/images/4061f02b-64eb-463d-b5a9-6a2c8d8d45b4.jpg,18,40,warm,WOMAN,blazers,https://www.zara.com/us/en/linen-blend-cropped-blazer-p08202708.html,12.99,USD,4061f02b-64eb-463d-b5a9-6a2c8d8d45b4,2024-02-19T09:03:25.346929
311309668-801-48,outer_top,Pinstripe Blazer,Black,Formal;Casual,data/zara_products/images/532701a2-e831-47d8-be72-cab049ed1231.jpg,-10,15,cold,MAN,blazers,https://www.zara.com/us/en/pinstripe-blazer-p04105149.html,229.0,USD,532701a2-e831-47d8-be72-cab049ed1231,2024-02-19T08:58:35.763675
287050317-802-1,outer_top,Fitted Soft Coat,Grey,Minimalist;Casual,data/zara_products/images/992e563f-c5ac-4043-8ccb-e941e0906944.jpg,-10,15,cold,WOMAN,coats,https://www.zara.com/us/en/fitted-soft-coat-p08073253.html,12.99,USD,992e563f-c5ac-4043-8ccb-e941e0906944,2024-02-19T09:24:43.676725
276519673-712-1,outer_top,Stretch Coat,Beige,Minimalist;Casual,data/zara_products/images/4981c851-12b0-4bc9-b3cd-b1a35b89db08.jpg,-10,15,cold,MAN,coats,https://www.zara.com/us/en/stretch-coat-p05070300.html,29.99,USD,4981c851-12b0-4bc9-b3cd-b1a35b89db08,2024-02-19T08:59:00.445484
267165715-704-1,outer_top,Longline Hooded Quilted Feather And Down Coat,Brown,Casual;Outdoor,data/zara_products/images/d6f08b4e-67bf-4c31-9d43-30b99af00137.jpg,-10,15,cold,WOMAN,jackets,https://www.zara.com/us/en/longline-hooded-quilted-feather-and-down-coat-p08073203.html,12.99,USD,d6f08b4e-67bf-4c31-9d43-30b99af00137,2024-02-19T09:04:34.926977
267133943-711-2,outer_top,Lightweight Puffer Jacket,Beige,Casual;Minimalist,data/zara_products/images/23ed21b3-6d9a-4554-9939-2cf9b0c9adad.jpg,-10,15,cold,MAN,jackets,https://www.zara.com/us/en/lightweight-puffer-jacket-p04302520.html,19.99,USD,23ed21b3-6d9a-4554-9939-2cf9b0c9adad,2024-02-19T08:50:40.213708
314769392-723-97,outer_top,Wool Blend Knit Coat,Grey,Minimalist;Casual,data/zara_products/images/1bfc064f-fdc5-4d2c-884b-0ecde8e60d83.jpg,-10,15,cold,WOMAN,knitwear,https://www.zara.com/us/en/wool-blend-knit-coat-p02142228.html,159.0,USD,1bfc064f-fdc5-4d2c-884b-0ecde8e60d83,2024-02-19T09:24:00.986393
308036332-706-97,outer_top,Pocket Overshirt,Beige,Casual;Minimalist,data/zara_products/images/b204894d-b684-43ae-b13e-03d6d03641e4.jpg,-5,32,,MAN,overshirts,https://www.zara.com/us/en/pocket-overshirt-p06705931.html,19.99,USD,b204894d-b684-43ae-b13e-03d6d03641e4,2024-02-19T08:57:49.493083
313890641-800-1,outer_top,Oversized Trench Coat Shirt,Black,Casual;Streetwear,data/zara_products/images/6d38bc5c-bc51-48bd-8a70-ba906d1738c2.jpg,-10,15,cold,WOMAN,tops,https://www.zara.com/us/en/oversized-trench-coat-shirt-p02082211.html,39.9,USD,6d38bc5c-bc51-48bd-8a70-ba906d1738c2,2024-02-19T09:15:55.076526
267133940-712-2,outer_top,Lightweight Puffer Vest,Beige,Casual;Minimalist,data/zara_products/images/aca36f07-6f20-4a83-a0bd-66cd828d181b.jpg,-10,15,cold,MAN,puffers,https://www.zara.com/us/en/lightweight-puffer-vest-p04302535.html,19.99,USD,aca36f07-6f20-4a83-a0bd-66cd828d181b,2024-02-19T08:52:15.765002
324243808-713-2,bottom,Sculpting Shorts,Brown,Sporty;Minimalist,data/zara_products/images/e61622ad-32d1-4801-ae46-204ce25be823.jpg,18,40,warm,WOMAN,bodysuits,https://www.zara.com/us/en/sculpting-shorts-p01067816.html,45.9,USD,e61622ad-32d1-4801-ae46-204ce25be823,2024-02-19T09:16:41.443648
267133953-406-36,bottom,Skinny Jeans,Blue,Casual;Minimalist,data/zara_products/images/49e1fed3-6411-4ae7-a5c9-59236ab40163.jpg,-5,32,,MAN,jeans,https://www.zara.com/us/en/skinny-jeans-p05575320.html,9.99,USD,49e1fed3-6411-4ae7-a5c9-59236ab40163,2024-02-19T08:54:01.833891
317330933-330-1,bottom,Striped Leather Skirt Limited Edition,Blue,Party;Minimalist,data/zara_products/images/71278c79-2c1d-491b-80e9-19af46b08e43.jpg,-5,32,,WOMAN,dresses,https://www.zara.com/us/en/striped-leather-skirt-limited-edition-p01966303.html,329.0,USD,71278c79-2c1d-491b-80e9-19af46b08e43,2024-02-19T09:06:46.833598
311302357-802-38,bottom,Linen Blend Shorts,Grey,Casual;Streetwear,data/zara_products/images/1d66c66b-8e9b-4a3c-847b-5f1c08d0545d.jpg,18,40,warm,MAN,linen,https://www.zara.com/us/en/linen-blend-shorts-p04093071.html,69.9,USD,1d66c66b-8e9b-4a3c-847b-5f1c08d0545d,2024-02-19T08:57:58.484580
328544180-712-1,bottom,Zw Collection Mini Skirt,White,Minimalist;Sporty,data/zara_products/images/14a0aa81-e7b2-4761-b0cf-e032935cc33b.jpg,-5,32,,WOMAN,jackets,https://www.zara.com/us/en/zw-collection-mini-skirt-p02403118.html,49.9,USD,14a0aa81-e7b2-4761-b0cf-e032935cc33b,2024-02-19T09:04:48.189364
267165742-732-2,bottom,Jogger Waist Pants,Beige,Casual;Minimalist,data/zara_products/images/536b180d-7cf4-43fd-bdb4-03bfa19018e4.jpg,-5,32,,MAN,pants,https://www.zara.com/us/en/jogger-waist-pants-p06786300.html,7.99,USD,536b180d-7cf4-43fd-bdb4-03bfa19018e4,2024-02-19T08:52:40.908965
267815151-427-32,bottom,Trf Straight Leg Jeans With A High Waist,Grey,Minimalist;Casual,data/zara_products/images/017aef1f-3225-4dde-b770-d84e69abccd3.jpg,-5,32,,WOMAN,jeans,https://www.zara.com/us/en/trf-straight-leg-jeans-with-a-high-waist-p04365240.html,7.99,USD,017aef1f-3225-4dde-b770-d84e69abccd3,2024-02-19T09:17:36.336472
276015599-800-2,bottom,Printed Band Shorts,Blue,Streetwear;Casual,data/zara_products/images/8d20989f-1c36-4485-b716-ac47194fa8c0.jpg,18,40,warm,MAN,shorts,https://www.zara.com/us/en/printed-band-shorts-p05795261.html,5.99,USD,8d20989f-1c36-4485-b716-ac47194fa8c0,2024-02-19T08:58:12.507134
272850339-505-1,bottom,High Rise Buttoned Leggings,Brown,Sporty;Casual,data/zara_products/images/e828c39b-024a-4a99-8b43-bd37adc85919.jpg,-5,32,,WOMAN,pants,https://www.zara.com/us/en/high-rise-buttoned-leggings-p03046232.html,7.99,USD,e828c39b-024a-4a99-8b43-bd37adc85919,2024-02-19T09:20:44.521645
295370225-507-36,bottom,Slim Cropped Jeans,Green,Casual;Minimalist,data/zara_products/images/ae7d8bf1-c9cd-422f-ae1b-6af7f8a70cf5.jpg,-5,32,,MAN,jeans,https://www.zara.com/us/en/slim-cropped-jeans-p08062375.html,9.99,USD,ae7d8bf1-c9cd-422f-ae1b-6af7f8a70cf5,2024-02-19T08:54:00.941188
311282283-017-35,shoes,Denim Casual Sneakers,Blue,Casual;Sporty,data/zara_products/images/860657a0-501f-46d8-99b5-f8d16beb8ae0.jpg,-5,32,,WOMAN,jeans,https://www.zara.com/us/en/denim-casual-sneakers-p15425310.html,39.9,USD,860657a0-501f-46d8-99b5-f8d16beb8ae0,2024-02-19T09:17:48.528291
311309642-400-39,shoes,Retro Denim Sneakers,Beige,Streetwear;Casual,data/zara_products/images/117140f8-0d19-4d6c-81e3-fd38022e6d15.jpg,-5,32,,MAN,jeans,https://www.zara.com/us/en/retro-denim-sneakers-p12236320.html,45.9,USD,117140f8-0d19-4d6c-81e3-fd38022e6d15,2024-02-19T08:54:27.497552
270498791-001-35,shoes,Rhinestone Strappy Flat Sandals,White,Party;Formal,data/zara_products/images/49a683d7-36c5-4941-94fe-d074f309b634.jpg,18,40,warm,WOMAN,shoes,https://www.zara.com/us/en/rhinestone-strappy-flat-sandals-p13602210.html,12.99,USD,49a683d7-36c5-4941-94fe-d074f309b634,2024-02-19T09:23:58.077578
267134635-001-39,shoes,Rubberized Heel Sneakers,White,Minimalist;Casual,data/zara_products/images/8bc7dfd2-19f8-41eb-a8b6-ce44fdfdad26.jpg,-5,32,,MAN,shoes,https://www.zara.com/us/en/rubberized-heel-sneakers-p12213220.html,9.99,USD,8bc7dfd2-19f8-41eb-a8b6-ce44fdfdad26,2024-02-19T09:01:17.278980
311287174-800-35,shoes,Quilted Nylon High Tops,Black,Casual;Streetwear,data/zara_products/images/172b8130-cd13-44a8-a6e3-910f0d28de18.jpg,-5,32,,WOMAN,tops,https://www.zara.com/us/en/quilted-nylon-high-tops-p15601310.html,69.9,USD,172b8130-cd13-44a8-a6e3-910f0d28de18,2024-02-19T09:12:52.529597
276789002-802-38,shoes,Knit Running Sneakers,White,Minimalist;Outdoor,data/zara_products/images/b8c0a1fa-ca7c-48ab-95ba-2c03173d9483.jpg,-5,32,,MAN,tracksuits,https://www.zara.com/us/en/knit-running-sneakers-p12315220.html,15.99,USD,b8c0a1fa-ca7c-48ab-95ba-2c03173d9483,2024-02-19T08:58:48.986054
311282461-084-35,shoes,Denim Casual Sneakers,Black,Casual;Sporty,data/zara_products/images/7fc3d0ce-c545-4ddb-bbd4-622b32686818.jpg,-5,32,,WOMAN,jeans,https://www.zara.com/us/en/denim-casual-sneakers-p15420310.html,49.9,USD,7fc3d0ce-c545-4ddb-bbd4-622b32686818,2024-02-19T09:18:22.395623
267181879-800-39,shoes,Leather Penny Loafers,Black,Minimalist;Casual,data/zara_products/images/d837afbb-e2d6-460c-a13d-f25f9b5512e1.jpg,-5,32,,MAN,shoes,https://www.zara.com/us/en/leather-penny-loafers-p12602220.html,17.99,USD,d837afbb-e2d6-460c-a13d-f25f9b5512e1,2024-02-19T08:59:54.808375
276620932-098-35,shoes,Faux Patent Leather Heeled Shoes,Beige,Party;Casual,data/zara_products/images/38c0a540-a229-42c3-bc46-6b02cdb088a7.jpg,-5,32,,WOMAN,shoes,https://www.zara.com/us/en/faux-patent-leather-heeled-shoes-p12235210.html,19.99,USD,38c0a540-a229-42c3-bc46-6b02cdb088a7,2024-02-19T09:22:10.279166
311282850-800-39,shoes,Chunky Sole Penny Loafers With Metallic Detail,Blue,Streetwear;Casual,data/zara_products/images/ffa365b5-679c-45a5-976d-de9e7048a80d.jpg,-5,32,,MAN,tracksuits,https://www.zara.com/us/en/chunky-sole-penny-loafers-with-metallic-detail-p12603320.html,69.9,USD,ffa365b5-679c-45a5-976d-de9e7048a80d,2024-02-19T08:58:38.517513
